"campaignid","sample","date.time","location","site","depth","observer.count","observer.length","successful.count","successful.length","successful.habitat.forward","successful.habitat.backward","x","y","latitude","longitude","ID","mbdepth","slope","aspect","TPI","TRI","roughness","detrended","habitat","number","total.points.annotated","mean.relief","sd.relief"
"2023-03_SwC_stereo-BRUVs",35,"14/03/2023 23:36",NA,NA,39.6,"Hannah Williams","Gidget Mirrabelle","Yes","Yes","Yes","Yes",308533.556366336,6221310.74753251,-34.13155,114.923645,1,-40.7093315124512,7.5485490449404,21.1305432770772,-0.725031852722168,0.762059211730957,1.33097076416016,3.52883005142212,"Consolidated (hard)",1,37,3.03448275862069,1.11748309736944
"2023-03_SwC_stereo-BRUVs",35,"14/03/2023 23:36",NA,NA,39.6,"Hannah Williams","Gidget Mirrabelle","Yes","Yes","Yes","Yes",308533.556366336,6221310.74753251,-34.13155,114.923645,1,-40.7093315124512,7.5485490449404,21.1305432770772,-0.725031852722168,0.762059211730957,1.33097076416016,3.52883005142212,"Macroalgae",24,37,3.03448275862069,1.11748309736944
"2023-03_SwC_stereo-BRUVs",35,"14/03/2023 23:36",NA,NA,39.6,"Hannah Williams","Gidget Mirrabelle","Yes","Yes","Yes","Yes",308533.556366336,6221310.74753251,-34.13155,114.923645,1,-40.7093315124512,7.5485490449404,21.1305432770772,-0.725031852722168,0.762059211730957,1.33097076416016,3.52883005142212,"Seagrasses",1,37,3.03448275862069,1.11748309736944
"2023-03_SwC_stereo-BRUVs",35,"14/03/2023 23:36",NA,NA,39.6,"Hannah Williams","Gidget Mirrabelle","Yes","Yes","Yes","Yes",308533.556366336,6221310.74753251,-34.13155,114.923645,1,-40.7093315124512,7.5485490449404,21.1305432770772,-0.725031852722168,0.762059211730957,1.33097076416016,3.52883005142212,"Sessile invertebrates",3,37,3.03448275862069,1.11748309736944
"2023-03_SwC_stereo-BRUVs",35,"14/03/2023 23:36",NA,NA,39.6,"Hannah Williams","Gidget Mirrabelle","Yes","Yes","Yes","Yes",308533.556366336,6221310.74753251,-34.13155,114.923645,1,-40.7093315124512,7.5485490449404,21.1305432770772,-0.725031852722168,0.762059211730957,1.33097076416016,3.52883005142212,"Unconsolidated (soft)",8,37,3.03448275862069,1.11748309736944
"2023-03_SwC_stereo-BRUVs",5,"14/03/2023 23:49",NA,NA,42.7,"Hannah Williams","Gidget Mirrabelle","Yes","Yes","Yes","Yes",309044.713912505,6221545.62659754,-34.12952667,114.9292367,2,-40.6447639465332,12.4698543951325,132.084900439958,-0.250215530395508,0.655078887939453,1.92292022705078,3.75872492790222,"Macroalgae",30,36,3.9,0.447213595499958
"2023-03_SwC_stereo-BRUVs",5,"14/03/2023 23:49",NA,NA,42.7,"Hannah Williams","Gidget Mirrabelle","Yes","Yes","Yes","Yes",309044.713912505,6221545.62659754,-34.12952667,114.9292367,2,-40.6447639465332,12.4698543951325,132.084900439958,-0.250215530395508,0.655078887939453,1.92292022705078,3.75872492790222,"Seagrasses",6,36,3.9,0.447213595499958
"2023-03_SwC_stereo-BRUVs",26,"14/03/2023 23:54",NA,NA,36,"Gidget Mirrabelle","Hannah Williams","Yes","Yes","Yes","Yes",308965.277816806,6221792.18019182,-34.12729,114.92843,3,-36.7187232971191,4.36538559482416,59.5430471233776,-0.139125823974609,0.240144729614258,0.837112426757812,7.83458185195923,"Macroalgae",21,39,4,0
"2023-03_SwC_stereo-BRUVs",26,"14/03/2023 23:54",NA,NA,36,"Gidget Mirrabelle","Hannah Williams","Yes","Yes","Yes","Yes",308965.277816806,6221792.18019182,-34.12729,114.92843,3,-36.7187232971191,4.36538559482416,59.5430471233776,-0.139125823974609,0.240144729614258,0.837112426757812,7.83458185195923,"Seagrasses",18,39,4,0
"2023-03_SwC_stereo-BRUVs",23,"15/03/2023 0:01",NA,NA,41,"Gidget Mirrabelle","Hannah Williams","Yes","Yes","Yes","Yes",308093.407184381,6221659.794665,-34.12832333,114.9189517,4,-41.6748313903809,3.05009163774587,148.381127434288,0.00948429107666016,0.172402381896973,0.526290893554688,2.65094470977783,"Macroalgae",14,32,3.55555555555556,0.855585263892997
"2023-03_SwC_stereo-BRUVs",23,"15/03/2023 0:01",NA,NA,41,"Gidget Mirrabelle","Hannah Williams","Yes","Yes","Yes","Yes",308093.407184381,6221659.794665,-34.12832333,114.9189517,4,-41.6748313903809,3.05009163774587,148.381127434288,0.00948429107666016,0.172402381896973,0.526290893554688,2.65094470977783,"Seagrasses",11,32,3.55555555555556,0.855585263892997
"2023-03_SwC_stereo-BRUVs",23,"15/03/2023 0:01",NA,NA,41,"Gidget Mirrabelle","Hannah Williams","Yes","Yes","Yes","Yes",308093.407184381,6221659.794665,-34.12832333,114.9189517,4,-41.6748313903809,3.05009163774587,148.381127434288,0.00948429107666016,0.172402381896973,0.526290893554688,2.65094470977783,"Sessile invertebrates",7,32,3.55555555555556,0.855585263892997
"2023-03_SwC_stereo-BRUVs",29,"15/03/2023 0:07",NA,NA,42.6,"Levi Peters","Gidget Mirrabelle","Yes","Yes","Yes","Yes",307303.251321056,6222239.10659393,-34.12295667,114.9105167,5,-41.9028053283691,5.57477028811209,196.377693254359,-0.203300476074219,0.329336166381836,1.16403198242188,2.41420221328735,"Macroalgae",8,36,4,0
"2023-03_SwC_stereo-BRUVs",29,"15/03/2023 0:07",NA,NA,42.6,"Levi Peters","Gidget Mirrabelle","Yes","Yes","Yes","Yes",307303.251321056,6222239.10659393,-34.12295667,114.9105167,5,-41.9028053283691,5.57477028811209,196.377693254359,-0.203300476074219,0.329336166381836,1.16403198242188,2.41420221328735,"Seagrasses",28,36,4,0
"2023-03_SwC_stereo-BRUVs",4,"15/03/2023 0:14",NA,NA,45,"Gidget Mirrabelle","Levi Peters","Yes","Yes","Yes","Yes",307352.418703126,6223015.68219505,-34.11596667,114.9112217,6,-45.1763725280762,2.14743519172729,52.0149755829338,-0.0702295303344727,0.139815330505371,0.38446044921875,-0.23322431743145,"Macroalgae",14,22,3.76190476190476,0.436435780471985
"2023-03_SwC_stereo-BRUVs",4,"15/03/2023 0:14",NA,NA,45,"Gidget Mirrabelle","Levi Peters","Yes","Yes","Yes","Yes",307352.418703126,6223015.68219505,-34.11596667,114.9112217,6,-45.1763725280762,2.14743519172729,52.0149755829338,-0.0702295303344727,0.139815330505371,0.38446044921875,-0.23322431743145,"Seagrasses",6,22,3.76190476190476,0.436435780471985
"2023-03_SwC_stereo-BRUVs",4,"15/03/2023 0:14",NA,NA,45,"Gidget Mirrabelle","Levi Peters","Yes","Yes","Yes","Yes",307352.418703126,6223015.68219505,-34.11596667,114.9112217,6,-45.1763725280762,2.14743519172729,52.0149755829338,-0.0702295303344727,0.139815330505371,0.38446044921875,-0.23322431743145,"Sessile invertebrates",2,22,3.76190476190476,0.436435780471985
"2023-03_SwC_stereo-BRUVs",32,"15/03/2023 0:23",NA,NA,44.4,"Daniel Agnello","Levi Peters","Yes","Yes","Yes","Yes",308920.052412878,6223687.81726404,-34.11019667,114.9283567,7,-45.7533378601074,1.01312801806989,313.659474897171,-0.127601623535156,0.127601623535156,0.222152709960938,-0.197262391448021,"Consolidated (hard)",3,25,1.85714285714286,0.72702917999997
"2023-03_SwC_stereo-BRUVs",32,"15/03/2023 0:23",NA,NA,44.4,"Daniel Agnello","Levi Peters","Yes","Yes","Yes","Yes",308920.052412878,6223687.81726404,-34.11019667,114.9283567,7,-45.7533378601074,1.01312801806989,313.659474897171,-0.127601623535156,0.127601623535156,0.222152709960938,-0.197262391448021,"Macroalgae",7,25,1.85714285714286,0.72702917999997
"2023-03_SwC_stereo-BRUVs",32,"15/03/2023 0:23",NA,NA,44.4,"Daniel Agnello","Levi Peters","Yes","Yes","Yes","Yes",308920.052412878,6223687.81726404,-34.11019667,114.9283567,7,-45.7533378601074,1.01312801806989,313.659474897171,-0.127601623535156,0.127601623535156,0.222152709960938,-0.197262391448021,"Sessile invertebrates",2,25,1.85714285714286,0.72702917999997
"2023-03_SwC_stereo-BRUVs",32,"15/03/2023 0:23",NA,NA,44.4,"Daniel Agnello","Levi Peters","Yes","Yes","Yes","Yes",308920.052412878,6223687.81726404,-34.11019667,114.9283567,7,-45.7533378601074,1.01312801806989,313.659474897171,-0.127601623535156,0.127601623535156,0.222152709960938,-0.197262391448021,"Unconsolidated (soft)",13,25,1.85714285714286,0.72702917999997
"2023-03_SwC_stereo-BRUVs",37,"15/03/2023 0:28",NA,NA,46.1,"Henry Evans","Joe Burgess-Adams","Yes","Yes","Yes","Yes",308475.810642026,6223862.97732426,-34.10853667,114.9235817,8,-45.4799194335938,0.755494579253983,303.245156944564,0.149530410766602,0.155780792236328,0.336307525634766,0.288686811923981,"Macroalgae",1,14,1.1304347826087,0.344350221575091
"2023-03_SwC_stereo-BRUVs",37,"15/03/2023 0:28",NA,NA,46.1,"Henry Evans","Joe Burgess-Adams","Yes","Yes","Yes","Yes",308475.810642026,6223862.97732426,-34.10853667,114.9235817,8,-45.4799194335938,0.755494579253983,303.245156944564,0.149530410766602,0.155780792236328,0.336307525634766,0.288686811923981,"Seagrasses",1,14,1.1304347826087,0.344350221575091
"2023-03_SwC_stereo-BRUVs",37,"15/03/2023 0:28",NA,NA,46.1,"Henry Evans","Joe Burgess-Adams","Yes","Yes","Yes","Yes",308475.810642026,6223862.97732426,-34.10853667,114.9235817,8,-45.4799194335938,0.755494579253983,303.245156944564,0.149530410766602,0.155780792236328,0.336307525634766,0.288686811923981,"Unconsolidated (soft)",12,14,1.1304347826087,0.344350221575091
"2023-03_SwC_stereo-BRUVs",3,"15/03/2023 1:54",NA,NA,46.7,"Hannah Williams","Gidget Mirrabelle","Yes","Yes","Yes","Yes",307740.617297603,6223980.59081635,-34.10734167,114.9156417,9,-46.1925582885742,0.683923372479246,348.141340797089,0.0477752685546875,0.0755634307861328,0.281917572021484,-0.379635691642761,"Macroalgae",12,24,1.72,0.890692614392492
"2023-03_SwC_stereo-BRUVs",3,"15/03/2023 1:54",NA,NA,46.7,"Hannah Williams","Gidget Mirrabelle","Yes","Yes","Yes","Yes",307740.617297603,6223980.59081635,-34.10734167,114.9156417,9,-46.1925582885742,0.683923372479246,348.141340797089,0.0477752685546875,0.0755634307861328,0.281917572021484,-0.379635691642761,"Seagrasses",1,24,1.72,0.890692614392492
"2023-03_SwC_stereo-BRUVs",3,"15/03/2023 1:54",NA,NA,46.7,"Hannah Williams","Gidget Mirrabelle","Yes","Yes","Yes","Yes",307740.617297603,6223980.59081635,-34.10734167,114.9156417,9,-46.1925582885742,0.683923372479246,348.141340797089,0.0477752685546875,0.0755634307861328,0.281917572021484,-0.379635691642761,"Unconsolidated (soft)",11,24,1.72,0.890692614392492
"2023-03_SwC_stereo-BRUVs",2,"15/03/2023 2:02",NA,NA,44.7,"Gidget Mirrabelle","Levi Peters","Yes","Yes","Yes","Yes",306386.10713532,6223446.89662506,-34.11190167,114.9008467,10,-44.2633476257324,1.5570296339456,143.813489631576,-0.0109272003173828,0.0897960662841797,0.3203125,0.178301811218262,"Macroalgae",26,35,3.6,0.502624689950035
"2023-03_SwC_stereo-BRUVs",2,"15/03/2023 2:02",NA,NA,44.7,"Gidget Mirrabelle","Levi Peters","Yes","Yes","Yes","Yes",306386.10713532,6223446.89662506,-34.11190167,114.9008467,10,-44.2633476257324,1.5570296339456,143.813489631576,-0.0109272003173828,0.0897960662841797,0.3203125,0.178301811218262,"Seagrasses",9,35,3.6,0.502624689950035
"2023-03_SwC_stereo-BRUVs",12,"15/03/2023 2:18",NA,NA,42.6,"Daniel Agnello","Gidget Mirrabelle","Yes","Yes","Yes","Yes",304662.428329533,6221127.27230973,-34.13248667,114.8816483,11,-42.879997253418,0.311130509800526,289.529619151037,-0.0218372344970703,0.0291004180908203,0.089630126953125,0.0579197891056538,"Macroalgae",29,33,2.80952380952381,0.402373908081478
"2023-03_SwC_stereo-BRUVs",12,"15/03/2023 2:18",NA,NA,42.6,"Daniel Agnello","Gidget Mirrabelle","Yes","Yes","Yes","Yes",304662.428329533,6221127.27230973,-34.13248667,114.8816483,11,-42.879997253418,0.311130509800526,289.529619151037,-0.0218372344970703,0.0291004180908203,0.089630126953125,0.0579197891056538,"Seagrasses",2,33,2.80952380952381,0.402373908081478
"2023-03_SwC_stereo-BRUVs",12,"15/03/2023 2:18",NA,NA,42.6,"Daniel Agnello","Gidget Mirrabelle","Yes","Yes","Yes","Yes",304662.428329533,6221127.27230973,-34.13248667,114.8816483,11,-42.879997253418,0.311130509800526,289.529619151037,-0.0218372344970703,0.0291004180908203,0.089630126953125,0.0579197891056538,"Sessile invertebrates",2,33,2.80952380952381,0.402373908081478
"2023-03_SwC_stereo-BRUVs",44,"15/03/2023 2:31",NA,NA,44.1,"Gidget Mirrabelle","Levi Peters","Yes","Yes","Yes","Yes",302609.836772484,6222686.49533781,-34.11804833,114.8597567,12,-44.2267951965332,2.56542783314218,10.1761879667846,0.104621887207031,0.142314910888672,0.592079162597656,0.132297873497009,"Macroalgae",23,27,3.65,0.489360484929593
"2023-03_SwC_stereo-BRUVs",44,"15/03/2023 2:31",NA,NA,44.1,"Gidget Mirrabelle","Levi Peters","Yes","Yes","Yes","Yes",302609.836772484,6222686.49533781,-34.11804833,114.8597567,12,-44.2267951965332,2.56542783314218,10.1761879667846,0.104621887207031,0.142314910888672,0.592079162597656,0.132297873497009,"Seagrasses",4,27,3.65,0.489360484929593
"2023-03_SwC_stereo-BRUVs",24,"15/03/2023 2:39",NA,NA,45.6,"Daniel Agnello","Gidget Mirrabelle","Yes","Yes","Yes","Yes",301575.406869427,6222682.50828175,-34.11788833,114.8485467,13,-45.1024284362793,0.925248450552017,212.364021835628,0.115791320800781,0.115791320800781,0.33868408203125,1.08087694644928,"Macroalgae",14,29,3.36,0.489897948556636
"2023-03_SwC_stereo-BRUVs",24,"15/03/2023 2:39",NA,NA,45.6,"Daniel Agnello","Gidget Mirrabelle","Yes","Yes","Yes","Yes",301575.406869427,6222682.50828175,-34.11788833,114.8485467,13,-45.1024284362793,0.925248450552017,212.364021835628,0.115791320800781,0.115791320800781,0.33868408203125,1.08087694644928,"Seagrasses",14,29,3.36,0.489897948556636
"2023-03_SwC_stereo-BRUVs",24,"15/03/2023 2:39",NA,NA,45.6,"Daniel Agnello","Gidget Mirrabelle","Yes","Yes","Yes","Yes",301575.406869427,6222682.50828175,-34.11788833,114.8485467,13,-45.1024284362793,0.925248450552017,212.364021835628,0.115791320800781,0.115791320800781,0.33868408203125,1.08087694644928,"Sessile invertebrates",1,29,3.36,0.489897948556636
"2023-03_SwC_stereo-BRUVs",36,"15/03/2023 2:45",NA,NA,44,"Daniel Agnello","Gidget Mirrabelle","Yes","Yes","Yes","Yes",302749.453645201,6222989.19080721,-34.11534667,114.8613383,14,-44.4513664245605,1.91869259195847,239.500879090535,-0.00400829315185547,0.166693687438965,0.42462158203125,-0.346513211727142,"Macroalgae",14,20,3.61111111111111,0.50163132570455
"2023-03_SwC_stereo-BRUVs",36,"15/03/2023 2:45",NA,NA,44,"Daniel Agnello","Gidget Mirrabelle","Yes","Yes","Yes","Yes",302749.453645201,6222989.19080721,-34.11534667,114.8613383,14,-44.4513664245605,1.91869259195847,239.500879090535,-0.00400829315185547,0.166693687438965,0.42462158203125,-0.346513211727142,"Seagrasses",6,20,3.61111111111111,0.50163132570455
"2023-03_SwC_stereo-BRUVs",16,"15/03/2023 2:52",NA,NA,45.4,"Gidget Mirrabelle","Levi Peters","Yes","Yes","Yes","Yes",302596.001233833,6223140.94686009,-34.11395,114.85971,15,-44.2143745422363,3.73510725832021,173.33352365223,0.0922765731811523,0.195969581604004,0.655799865722656,0.121616929769516,"Macroalgae",15,33,4,0
"2023-03_SwC_stereo-BRUVs",16,"15/03/2023 2:52",NA,NA,45.4,"Gidget Mirrabelle","Levi Peters","Yes","Yes","Yes","Yes",302596.001233833,6223140.94686009,-34.11395,114.85971,15,-44.2143745422363,3.73510725832021,173.33352365223,0.0922765731811523,0.195969581604004,0.655799865722656,0.121616929769516,"Seagrasses",18,33,4,0
"2023-03_SwC_stereo-BRUVs",17,"15/03/2023 3:00",NA,NA,43.3,"Gidget Mirrabelle","Levi Peters","Yes","Yes","Yes","Yes",302358.558818927,6225089.19274801,-34.09634667,114.85758,16,-43.901611328125,1.51777761390463,116.273387052218,0.141107559204102,0.192724227905273,0.516155242919922,0.0110606551170349,"Consolidated (hard)",1,31,3.33333333333333,0.912870929175277
"2023-03_SwC_stereo-BRUVs",17,"15/03/2023 3:00",NA,NA,43.3,"Gidget Mirrabelle","Levi Peters","Yes","Yes","Yes","Yes",302358.558818927,6225089.19274801,-34.09634667,114.85758,16,-43.901611328125,1.51777761390463,116.273387052218,0.141107559204102,0.192724227905273,0.516155242919922,0.0110606551170349,"Macroalgae",24,31,3.33333333333333,0.912870929175277
"2023-03_SwC_stereo-BRUVs",17,"15/03/2023 3:00",NA,NA,43.3,"Gidget Mirrabelle","Levi Peters","Yes","Yes","Yes","Yes",302358.558818927,6225089.19274801,-34.09634667,114.85758,16,-43.901611328125,1.51777761390463,116.273387052218,0.141107559204102,0.192724227905273,0.516155242919922,0.0110606551170349,"Seagrasses",5,31,3.33333333333333,0.912870929175277
"2023-03_SwC_stereo-BRUVs",17,"15/03/2023 3:00",NA,NA,43.3,"Gidget Mirrabelle","Levi Peters","Yes","Yes","Yes","Yes",302358.558818927,6225089.19274801,-34.09634667,114.85758,16,-43.901611328125,1.51777761390463,116.273387052218,0.141107559204102,0.192724227905273,0.516155242919922,0.0110606551170349,"Sessile invertebrates",1,31,3.33333333333333,0.912870929175277
"2023-03_SwC_stereo-BRUVs",34,"18/03/2023 2:12",NA,NA,43.7,"Gidget Mirrabelle","Levi Peters","Yes","Yes","Yes","Yes",305406.444945374,6224899.82559027,-34.098625,114.8905567,17,-43.5636024475098,1.13057544908462,206.268955992778,0.0495114326477051,0.0967316627502441,0.343597412109375,0.212554916739464,"Macroalgae",17,25,2.45,0.759154654516248
"2023-03_SwC_stereo-BRUVs",34,"18/03/2023 2:12",NA,NA,43.7,"Gidget Mirrabelle","Levi Peters","Yes","Yes","Yes","Yes",305406.444945374,6224899.82559027,-34.098625,114.8905567,17,-43.5636024475098,1.13057544908462,206.268955992778,0.0495114326477051,0.0967316627502441,0.343597412109375,0.212554916739464,"Seagrasses",5,25,2.45,0.759154654516248
"2023-03_SwC_stereo-BRUVs",34,"18/03/2023 2:12",NA,NA,43.7,"Gidget Mirrabelle","Levi Peters","Yes","Yes","Yes","Yes",305406.444945374,6224899.82559027,-34.098625,114.8905567,17,-43.5636024475098,1.13057544908462,206.268955992778,0.0495114326477051,0.0967316627502441,0.343597412109375,0.212554916739464,"Unconsolidated (soft)",3,25,2.45,0.759154654516248
"2023-03_SwC_stereo-BRUVs",40,"18/03/2023 2:18",NA,NA,43.7,"Gidget Mirrabelle","Levi Peters","Yes","Yes","Yes","Yes",305210.611497553,6226068.39162652,-34.08805667,114.8886967,18,-43.7780570983887,1.13906221041974,287.020874194905,-0.0797085762023926,0.121387958526611,0.491104125976562,-0.216468647122383,"Macroalgae",17,35,2.36,0.637704215656966
"2023-03_SwC_stereo-BRUVs",40,"18/03/2023 2:18",NA,NA,43.7,"Gidget Mirrabelle","Levi Peters","Yes","Yes","Yes","Yes",305210.611497553,6226068.39162652,-34.08805667,114.8886967,18,-43.7780570983887,1.13906221041974,287.020874194905,-0.0797085762023926,0.121387958526611,0.491104125976562,-0.216468647122383,"Seagrasses",6,35,2.36,0.637704215656966
"2023-03_SwC_stereo-BRUVs",40,"18/03/2023 2:18",NA,NA,43.7,"Gidget Mirrabelle","Levi Peters","Yes","Yes","Yes","Yes",305210.611497553,6226068.39162652,-34.08805667,114.8886967,18,-43.7780570983887,1.13906221041974,287.020874194905,-0.0797085762023926,0.121387958526611,0.491104125976562,-0.216468647122383,"Sessile invertebrates",1,35,2.36,0.637704215656966
"2023-03_SwC_stereo-BRUVs",40,"18/03/2023 2:18",NA,NA,43.7,"Gidget Mirrabelle","Levi Peters","Yes","Yes","Yes","Yes",305210.611497553,6226068.39162652,-34.08805667,114.8886967,18,-43.7780570983887,1.13906221041974,287.020874194905,-0.0797085762023926,0.121387958526611,0.491104125976562,-0.216468647122383,"Unconsolidated (soft)",11,35,2.36,0.637704215656966
"2023-03_SwC_stereo-BRUVs",14,"18/03/2023 2:28",NA,NA,42.7,"Gidget Mirrabelle","Levi Peters","Yes","Yes","Yes","Yes",303326.971138076,6227444.3493086,-34.07530333,114.8686033,19,-42.3895606994629,0.468314584997074,148.955704694814,0.0220966339111328,0.0756139755249023,0.301258087158203,-1.00627470016479,"Consolidated (hard)",1,35,2.44,0.711805216802087
"2023-03_SwC_stereo-BRUVs",14,"18/03/2023 2:28",NA,NA,42.7,"Gidget Mirrabelle","Levi Peters","Yes","Yes","Yes","Yes",303326.971138076,6227444.3493086,-34.07530333,114.8686033,19,-42.3895606994629,0.468314584997074,148.955704694814,0.0220966339111328,0.0756139755249023,0.301258087158203,-1.00627470016479,"Macroalgae",26,35,2.44,0.711805216802087
"2023-03_SwC_stereo-BRUVs",14,"18/03/2023 2:28",NA,NA,42.7,"Gidget Mirrabelle","Levi Peters","Yes","Yes","Yes","Yes",303326.971138076,6227444.3493086,-34.07530333,114.8686033,19,-42.3895606994629,0.468314584997074,148.955704694814,0.0220966339111328,0.0756139755249023,0.301258087158203,-1.00627470016479,"Seagrasses",2,35,2.44,0.711805216802087
"2023-03_SwC_stereo-BRUVs",14,"18/03/2023 2:28",NA,NA,42.7,"Gidget Mirrabelle","Levi Peters","Yes","Yes","Yes","Yes",303326.971138076,6227444.3493086,-34.07530333,114.8686033,19,-42.3895606994629,0.468314584997074,148.955704694814,0.0220966339111328,0.0756139755249023,0.301258087158203,-1.00627470016479,"Sessile invertebrates",2,35,2.44,0.711805216802087
"2023-03_SwC_stereo-BRUVs",14,"18/03/2023 2:28",NA,NA,42.7,"Gidget Mirrabelle","Levi Peters","Yes","Yes","Yes","Yes",303326.971138076,6227444.3493086,-34.07530333,114.8686033,19,-42.3895606994629,0.468314584997074,148.955704694814,0.0220966339111328,0.0756139755249023,0.301258087158203,-1.00627470016479,"Unconsolidated (soft)",4,35,2.44,0.711805216802087
"2023-03_SwC_stereo-BRUVs",21,"18/03/2023 2:34",NA,NA,42.3,"Gidget Mirrabelle","Levi Peters","Yes","Yes","Yes","Yes",302275.476735078,6228634.01629371,-34.06438333,114.857485,20,-42.6875343322754,1.66181118258301,242.146887802491,0.0079188346862793,0.130473613739014,0.564846038818359,-0.880922257900238,"Macroalgae",9,19,1.73333333333333,0.79880863671798
"2023-03_SwC_stereo-BRUVs",21,"18/03/2023 2:34",NA,NA,42.3,"Gidget Mirrabelle","Levi Peters","Yes","Yes","Yes","Yes",302275.476735078,6228634.01629371,-34.06438333,114.857485,20,-42.6875343322754,1.66181118258301,242.146887802491,0.0079188346862793,0.130473613739014,0.564846038818359,-0.880922257900238,"Seagrasses",3,19,1.73333333333333,0.79880863671798
"2023-03_SwC_stereo-BRUVs",21,"18/03/2023 2:34",NA,NA,42.3,"Gidget Mirrabelle","Levi Peters","Yes","Yes","Yes","Yes",302275.476735078,6228634.01629371,-34.06438333,114.857485,20,-42.6875343322754,1.66181118258301,242.146887802491,0.0079188346862793,0.130473613739014,0.564846038818359,-0.880922257900238,"Unconsolidated (soft)",7,19,1.73333333333333,0.79880863671798
"2023-03_SwC_stereo-BRUVs",10,"18/03/2023 2:44",NA,NA,44.3,"Gidget Mirrabelle","Levi Peters","Yes","Yes","Yes","Yes",301935.053292307,6226464.1304314,-34.083875,114.853305,21,-43.998836517334,0.439676403257498,243.511372870763,0.031160831451416,0.0449376106262207,0.132083892822266,-0.0552570782601833,"Macroalgae",8,27,3.21739130434783,0.795242772487544
"2023-03_SwC_stereo-BRUVs",10,"18/03/2023 2:44",NA,NA,44.3,"Gidget Mirrabelle","Levi Peters","Yes","Yes","Yes","Yes",301935.053292307,6226464.1304314,-34.083875,114.853305,21,-43.998836517334,0.439676403257498,243.511372870763,0.031160831451416,0.0449376106262207,0.132083892822266,-0.0552570782601833,"Seagrasses",14,27,3.21739130434783,0.795242772487544
"2023-03_SwC_stereo-BRUVs",10,"18/03/2023 2:44",NA,NA,44.3,"Gidget Mirrabelle","Levi Peters","Yes","Yes","Yes","Yes",301935.053292307,6226464.1304314,-34.083875,114.853305,21,-43.998836517334,0.439676403257498,243.511372870763,0.031160831451416,0.0449376106262207,0.132083892822266,-0.0552570782601833,"Sessile invertebrates",2,27,3.21739130434783,0.795242772487544
"2023-03_SwC_stereo-BRUVs",10,"18/03/2023 2:44",NA,NA,44.3,"Gidget Mirrabelle","Levi Peters","Yes","Yes","Yes","Yes",301935.053292307,6226464.1304314,-34.083875,114.853305,21,-43.998836517334,0.439676403257498,243.511372870763,0.031160831451416,0.0449376106262207,0.132083892822266,-0.0552570782601833,"Unconsolidated (soft)",3,27,3.21739130434783,0.795242772487544
"2023-03_SwC_stereo-BRUVs",15,"18/03/2023 2:50",NA,NA,45.3,"Gidget Mirrabelle","Levi Peters","Yes","Yes","Yes","Yes",301115.698010966,6226347.02046278,-34.084775,114.8444033,22,-45.4404754638672,1.34321708178855,100.767101732529,-0.00165891647338867,0.0863070487976074,0.30462646484375,0.930578410625458,"Consolidated (hard)",1,31,2.51851851851852,0.802417998224519
"2023-03_SwC_stereo-BRUVs",15,"18/03/2023 2:50",NA,NA,45.3,"Gidget Mirrabelle","Levi Peters","Yes","Yes","Yes","Yes",301115.698010966,6226347.02046278,-34.084775,114.8444033,22,-45.4404754638672,1.34321708178855,100.767101732529,-0.00165891647338867,0.0863070487976074,0.30462646484375,0.930578410625458,"Macroalgae",20,31,2.51851851851852,0.802417998224519
"2023-03_SwC_stereo-BRUVs",15,"18/03/2023 2:50",NA,NA,45.3,"Gidget Mirrabelle","Levi Peters","Yes","Yes","Yes","Yes",301115.698010966,6226347.02046278,-34.084775,114.8444033,22,-45.4404754638672,1.34321708178855,100.767101732529,-0.00165891647338867,0.0863070487976074,0.30462646484375,0.930578410625458,"Seagrasses",2,31,2.51851851851852,0.802417998224519
"2023-03_SwC_stereo-BRUVs",15,"18/03/2023 2:50",NA,NA,45.3,"Gidget Mirrabelle","Levi Peters","Yes","Yes","Yes","Yes",301115.698010966,6226347.02046278,-34.084775,114.8444033,22,-45.4404754638672,1.34321708178855,100.767101732529,-0.00165891647338867,0.0863070487976074,0.30462646484375,0.930578410625458,"Sessile invertebrates",1,31,2.51851851851852,0.802417998224519
"2023-03_SwC_stereo-BRUVs",15,"18/03/2023 2:50",NA,NA,45.3,"Gidget Mirrabelle","Levi Peters","Yes","Yes","Yes","Yes",301115.698010966,6226347.02046278,-34.084775,114.8444033,22,-45.4404754638672,1.34321708178855,100.767101732529,-0.00165891647338867,0.0863070487976074,0.30462646484375,0.930578410625458,"Unconsolidated (soft)",7,31,2.51851851851852,0.802417998224519
"2023-03_SwC_stereo-BRUVs",8,"18/03/2023 2:56",NA,NA,47.2,"Levi Peters","Gidget Mirrabelle","Yes","Yes","Yes","Yes",300614.965167992,6225716.1850438,-34.090365,114.838835,23,-46.2277450561523,1.37271074485596,335.601053789312,-0.0514349937438965,0.101075649261475,0.372406005859375,1.78564715385437,"Macroalgae",17,29,3.25,0.444261658319319
"2023-03_SwC_stereo-BRUVs",8,"18/03/2023 2:56",NA,NA,47.2,"Levi Peters","Gidget Mirrabelle","Yes","Yes","Yes","Yes",300614.965167992,6225716.1850438,-34.090365,114.838835,23,-46.2277450561523,1.37271074485596,335.601053789312,-0.0514349937438965,0.101075649261475,0.372406005859375,1.78564715385437,"Seagrasses",12,29,3.25,0.444261658319319
"2023-03_SwC_stereo-BRUVs",46,"18/03/2023 3:01",NA,NA,46.3,"Levi Peters","Gidget Mirrabelle","Yes","Yes","Yes","Yes",300718.338913046,6225127.7007414,-34.09568833,114.83982,24,-46.0598106384277,1.95772199453156,318.286012888194,0.148825168609619,0.169539928436279,0.568332672119141,1.90094792842865,"Macroalgae",26,38,3.88888888888889,0.423659272868162
"2023-03_SwC_stereo-BRUVs",46,"18/03/2023 3:01",NA,NA,46.3,"Levi Peters","Gidget Mirrabelle","Yes","Yes","Yes","Yes",300718.338913046,6225127.7007414,-34.09568833,114.83982,24,-46.0598106384277,1.95772199453156,318.286012888194,0.148825168609619,0.169539928436279,0.568332672119141,1.90094792842865,"Seagrasses",12,38,3.88888888888889,0.423659272868162
"2023-03_SwC_stereo-BRUVs",39,"18/03/2023 4:44",NA,NA,64.3,"Levi Peters","Gidget Mirrabelle","Yes","Yes","Yes","Yes",296510.839836895,6222809.48189062,-34.11577,114.7936983,25,-63.5901794433594,0.204638955422031,331.243328891542,0.0103054046630859,0.0142612457275391,0.0412139892578125,0.0926858708262444,"Consolidated (hard)",2,37,2.75,0.444261658319319
"2023-03_SwC_stereo-BRUVs",39,"18/03/2023 4:44",NA,NA,64.3,"Levi Peters","Gidget Mirrabelle","Yes","Yes","Yes","Yes",296510.839836895,6222809.48189062,-34.11577,114.7936983,25,-63.5901794433594,0.204638955422031,331.243328891542,0.0103054046630859,0.0142612457275391,0.0412139892578125,0.0926858708262444,"Macroalgae",1,37,2.75,0.444261658319319
"2023-03_SwC_stereo-BRUVs",39,"18/03/2023 4:44",NA,NA,64.3,"Levi Peters","Gidget Mirrabelle","Yes","Yes","Yes","Yes",296510.839836895,6222809.48189062,-34.11577,114.7936983,25,-63.5901794433594,0.204638955422031,331.243328891542,0.0103054046630859,0.0142612457275391,0.0412139892578125,0.0926858708262444,"Sessile invertebrates",34,37,2.75,0.444261658319319
"2023-03_SwC_stereo-BRUVs",31,"18/03/2023 4:48",NA,NA,66.1,"Levi Peters","Gidget Mirrabelle","Yes","Yes","Yes","Yes",295996.938005992,6222646.1586586,-34.11714167,114.7880917,26,-63.6866798400879,1.27958595408892,211.180444889897,0.0303449630737305,0.0696096420288086,0.222625732421875,6.3054370880127,"Consolidated (hard)",3,31,2.81818181818182,0.394771016975861
"2023-03_SwC_stereo-BRUVs",31,"18/03/2023 4:48",NA,NA,66.1,"Levi Peters","Gidget Mirrabelle","Yes","Yes","Yes","Yes",295996.938005992,6222646.1586586,-34.11714167,114.7880917,26,-63.6866798400879,1.27958595408892,211.180444889897,0.0303449630737305,0.0696096420288086,0.222625732421875,6.3054370880127,"Macroalgae",20,31,2.81818181818182,0.394771016975861
"2023-03_SwC_stereo-BRUVs",31,"18/03/2023 4:48",NA,NA,66.1,"Levi Peters","Gidget Mirrabelle","Yes","Yes","Yes","Yes",295996.938005992,6222646.1586586,-34.11714167,114.7880917,26,-63.6866798400879,1.27958595408892,211.180444889897,0.0303449630737305,0.0696096420288086,0.222625732421875,6.3054370880127,"Sessile invertebrates",8,31,2.81818181818182,0.394771016975861
"2023-03_SwC_stereo-BRUVs",19,"18/03/2023 5:01",NA,NA,73.6,"Gidget Mirrabelle","Levi Peters","Yes","Yes","Yes","Yes",295463.007881663,6222265.25319603,-34.12047,114.7822167,27,-73.6485595703125,0.562578604841508,286.928438921873,-0.00492095947265625,0.0321311950683594,0.0941162109375,4.57514762878418,"Sessile invertebrates",30,34,2.58333333333333,0.503610155185335
"2023-03_SwC_stereo-BRUVs",19,"18/03/2023 5:01",NA,NA,73.6,"Gidget Mirrabelle","Levi Peters","Yes","Yes","Yes","Yes",295463.007881663,6222265.25319603,-34.12047,114.7822167,27,-73.6485595703125,0.562578604841508,286.928438921873,-0.00492095947265625,0.0321311950683594,0.0941162109375,4.57514762878418,"Unconsolidated (soft)",4,34,2.58333333333333,0.503610155185335
"2023-03_SwC_stereo-BRUVs",47,"18/03/2023 5:05",NA,NA,73,"Levi Peters","Gidget Mirrabelle","Yes","Yes","Yes","Yes",295283.680364588,6222964.68015704,-34.11413167,114.7804383,28,-73.4356079101562,6.75733147034404,281.803653685217,0.317498207092285,0.453944206237793,1.35186767578125,5.02206468582153,"Sessile invertebrates",16,16,3,0
"2023-03_SwC_stereo-BRUVs",22,"18/03/2023 5:10",NA,NA,78,"Levi Peters","Gidget Mirrabelle","Yes","Yes","Yes","Yes",295042.682531319,6223415.12992895,-34.110025,114.7779333,29,-78.0970001220703,0.737577569946748,232.647299082683,0.0432863235473633,0.0876493453979492,0.390724182128906,2.27460408210754,"Consolidated (hard)",1,35,2.6,0.502624689950035
"2023-03_SwC_stereo-BRUVs",22,"18/03/2023 5:10",NA,NA,78,"Levi Peters","Gidget Mirrabelle","Yes","Yes","Yes","Yes",295042.682531319,6223415.12992895,-34.110025,114.7779333,29,-78.0970001220703,0.737577569946748,232.647299082683,0.0432863235473633,0.0876493453979492,0.390724182128906,2.27460408210754,"Sessile invertebrates",32,35,2.6,0.502624689950035
"2023-03_SwC_stereo-BRUVs",22,"18/03/2023 5:10",NA,NA,78,"Levi Peters","Gidget Mirrabelle","Yes","Yes","Yes","Yes",295042.682531319,6223415.12992895,-34.110025,114.7779333,29,-78.0970001220703,0.737577569946748,232.647299082683,0.0432863235473633,0.0876493453979492,0.390724182128906,2.27460408210754,"Unconsolidated (soft)",2,35,2.6,0.502624689950035
"2023-03_SwC_stereo-BRUVs",6,"18/03/2023 5:17",NA,NA,71.3,"Levi Peters","Gidget Mirrabelle","Yes","Yes","Yes","Yes",294894.878200597,6224813.38416675,-34.097395,114.7766617,30,-71.7131576538086,2.20150342516827,192.856384352081,-0.064326286315918,0.159214973449707,0.573066711425781,5.9285774230957,"Consolidated (hard)",1,28,2.58823529411765,0.507299656195892
"2023-03_SwC_stereo-BRUVs",6,"18/03/2023 5:17",NA,NA,71.3,"Levi Peters","Gidget Mirrabelle","Yes","Yes","Yes","Yes",294894.878200597,6224813.38416675,-34.097395,114.7766617,30,-71.7131576538086,2.20150342516827,192.856384352081,-0.064326286315918,0.159214973449707,0.573066711425781,5.9285774230957,"Sessile invertebrates",25,28,2.58823529411765,0.507299656195892
"2023-03_SwC_stereo-BRUVs",6,"18/03/2023 5:17",NA,NA,71.3,"Levi Peters","Gidget Mirrabelle","Yes","Yes","Yes","Yes",294894.878200597,6224813.38416675,-34.097395,114.7766617,30,-71.7131576538086,2.20150342516827,192.856384352081,-0.064326286315918,0.159214973449707,0.573066711425781,5.9285774230957,"Unconsolidated (soft)",2,28,2.58823529411765,0.507299656195892
"2023-03_SwC_stereo-BRUVs",7,"18/03/2023 5:24",NA,NA,62.7,"Levi Peters","Gidget Mirrabelle","Yes","Yes","Yes","Yes",295698.501157104,6224960.112455,-34.09623,114.7854017,31,-62.4637107849121,0.532570059179361,199.508061757546,0.185593128204346,0.185593128204346,0.267616271972656,4.22339582443237,"Consolidated (hard)",1,31,3,0
"2023-03_SwC_stereo-BRUVs",7,"18/03/2023 5:24",NA,NA,62.7,"Levi Peters","Gidget Mirrabelle","Yes","Yes","Yes","Yes",295698.501157104,6224960.112455,-34.09623,114.7854017,31,-62.4637107849121,0.532570059179361,199.508061757546,0.185593128204346,0.185593128204346,0.267616271972656,4.22339582443237,"Macroalgae",12,31,3,0
"2023-03_SwC_stereo-BRUVs",7,"18/03/2023 5:24",NA,NA,62.7,"Levi Peters","Gidget Mirrabelle","Yes","Yes","Yes","Yes",295698.501157104,6224960.112455,-34.09623,114.7854017,31,-62.4637107849121,0.532570059179361,199.508061757546,0.185593128204346,0.185593128204346,0.267616271972656,4.22339582443237,"Sessile invertebrates",18,31,3,0
"2023-03_SwC_stereo-BRUVs",45,"18/03/2023 5:31",NA,NA,61.9,"Henry Evans","Sharnae Watson","Yes","Yes","Yes","Yes",296087.672300693,6223747.95152312,-34.10723,114.7893333,32,-62.3566551208496,3.17477331468137,251.031641010101,0.0780658721923828,0.190493583679199,0.473812103271484,3.29422402381897,"Consolidated (hard)",5,20,2.23076923076923,0.42966892442366
"2023-03_SwC_stereo-BRUVs",45,"18/03/2023 5:31",NA,NA,61.9,"Henry Evans","Sharnae Watson","Yes","Yes","Yes","Yes",296087.672300693,6223747.95152312,-34.10723,114.7893333,32,-62.3566551208496,3.17477331468137,251.031641010101,0.0780658721923828,0.190493583679199,0.473812103271484,3.29422402381897,"Sessile invertebrates",13,20,2.23076923076923,0.42966892442366
"2023-03_SwC_stereo-BRUVs",45,"18/03/2023 5:31",NA,NA,61.9,"Henry Evans","Sharnae Watson","Yes","Yes","Yes","Yes",296087.672300693,6223747.95152312,-34.10723,114.7893333,32,-62.3566551208496,3.17477331468137,251.031641010101,0.0780658721923828,0.190493583679199,0.473812103271484,3.29422402381897,"Unconsolidated (soft)",2,20,2.23076923076923,0.42966892442366
